,model,auroc,precision,recall,f1_score,best_threshold,best_profit_ratio,best_profit
0,xgboost,0.8805934355449984,0.5375603999610069,0.7014094616341159,0.5944004500771786,0.23750000000000004,0.45101429348621175,182.66666666666666
0,adaboost,0.8615758853241194,0.5905258238138673,0.4524472423377954,0.5057278357406069,0.5,0.33364649623290177,136.0
0,gradientboost,0.8257454077416151,0.5066257569098058,0.5406083132177603,0.5178412622530825,0.21666666666666667,0.334447118901324,134.83333333333334
0,ensemble,0.8596977591155551,0.6224867212074034,0.5899623290176286,0.5971665684284954,0.4458333333333333,0.4451816344817497,180.16666666666666
0,grid_search_MLP,0.8231142817704005,0.48732462245302655,0.5522108843537415,0.5080543576210295,0.22999999999999998,0.31359481292517005,121.0
0,decision_tree,0.7859497232959118,0.419820183961653,0.6722789115646259,0.5140437016810131,0.23000000000000004,0.31698554421768704,122.4
0,naive_bayes,0.7730924117586595,0.4790780045842583,0.4817176870748299,0.4747546725142791,0.9100000000000001,0.2745110544217687,105.8
0,logistic_regression,0.9064378584538211,0.6113562162219803,0.7272108843537415,0.6354814191573017,0.29000000000000004,0.5179315476190476,199.6
0,xtree,0.8340650150857046,0.47330750671269034,0.64328231292517,0.5387818689703072,0.29,0.36764455782312927,141.8
