,model,auroc,precision,recall,f1_score,best_threshold,best_profit
0,xgboost,0.8738454581087239,0.505678429638876,0.5754141714755158,0.5238949624085185,0.22916666666666666,0.35901535799496975
0,adaboost,0.8578074050362096,0.5457986579697106,0.35389272066246075,0.4257126557487016,0.5,0.23817416434233027
0,gradientboost,0.7977285302089078,0.5223069435431538,0.37963807003193556,0.4087520839566552,0.20000000000000004,0.22457396212862232
0,ensemble,0.861310010015441,0.5778492373046925,0.5040101743999794,0.5094292108325404,0.42500000000000004,0.3437346397581124
0,grid_search_MLP,0.8227719578325067,0.49424640400250164,0.4188005302904103,0.4366985700319034,0.24500000000000002,0.24631390901771338
0,decision_tree,0.7482627398672225,0.39438938254727723,0.31308540174357263,0.31124494863430546,0.45500000000000007,0.1179152264145705
0,naive_bayes,0.7738365424707819,0.4221237180413116,0.44556624465545003,0.4218891436190105,0.7700000000000001,0.1958957413654284
0,logistic_regression,0.8856588671243569,0.5624947122558472,0.6066351546448997,0.5729779360424522,0.355,0.42696902416847127
