,model,auroc,precision,recall,f1_score,best_threshold,best_profit_ratio,best_profit
0,logistic_regression,0.872113311840612,0.6029625199362041,0.5811428571428572,0.5874003784533819,0.33999999999999997,0.43741836734693884,173.4
