,model,auroc,precision,recall,f1_score,best_threshold,best_profit
0,xgboost,0.8252167584256151,0.4569710390871439,0.6126482393723773,0.500453968171055,0.16527777777777777,26.88888888888889
0,adaboost,0.6760309258565091,0.5103459811793145,0.3577206105941738,0.35085914873148916,0.4902777777777778,19.5
0,gradientboost,0.7279600734589174,0.5402363745859682,0.38101319710515114,0.3974296129216653,0.25833333333333336,19.555555555555557
0,ensemble,0.8206245387246971,0.6485310498468393,0.5386395426625312,0.5561168099211578,0.3513888888888889,28.77777777777778
0,grid_search_MLP,0.760421305348172,0.3045502645502645,0.2374074074074074,0.2474169838875721,0.08166666666666668,9.333333333333334
0,decision_tree,0.7040393061877149,0.5083333333333333,0.3491534391534391,0.369989417989418,0.4216666666666667,10.533333333333333
0,naive_bayes,0.7969834616099406,0.48363266363266366,0.5352910052910053,0.485408150625542,0.7899999999999999,14.733333333333333
0,logistic_regression,0.8494798510645103,0.6134920634920634,0.6027513227513227,0.5855682134629503,0.3783333333333333,21.533333333333335
