,model,auroc,precision,recall,f1_score,best_threshold,best_profit
0,xgboost,0.8711410101604564,0.4916730771576982,0.6191776342872468,0.5386108492691237,0.21111111111111114,0.3587126010094528
0,adaboost,0.836915961085925,0.5404342663736218,0.3364661843827738,0.4097841855662589,0.5,0.22314441705429763
0,gradientboost,0.7891669139040511,0.42272786485255776,0.4052194305303469,0.40468111202341067,0.19305555555555554,0.20112888560423825
0,ensemble,0.8617794631967948,0.5468745778976118,0.5403501337603271,0.5249659342738757,0.3736111111111111,0.3488872084897858
0,grid_search_MLP,0.8208846858383867,0.4758987290561438,0.4116912999439882,0.41084781227774925,0.19333333333333336,0.2339134151852566
0,decision_tree,0.7538460728349162,0.5034228658490894,0.3207929760707847,0.3539145542015672,0.405,0.16181797912241463
0,naive_bayes,0.777775987668049,0.46739823140652065,0.44973788059930075,0.43102476080049995,0.7633333333333334,0.22120948164807083
0,logistic_regression,0.8933580292657414,0.5016425127032013,0.7079717713162279,0.5805922920234031,0.22333333333333333,0.431741642401241
