,model,auroc,precision,recall,f1_score,best_threshold,best_profit_ratio,best_profit
0,xgboost,0.8699310608436289,0.5028336985187681,0.6462606978275182,0.557054007626689,0.35416666666666674,0.39202847267939434,161.83333333333334
0,adaboost,0.844687329518651,0.5116192255225173,0.5739170506912442,0.5387354029465682,0.5,0.36813775510204083,152.33333333333334
0,gradientboost,0.8151300180798864,0.4896277604246522,0.5188062321702874,0.4892976867621898,0.5541666666666667,0.2999706495501426,124.33333333333333
0,ensemble,0.8636980389122941,0.584662780008817,0.6099802501645819,0.5570367959298738,0.5875,0.40114384463462804,165.33333333333334
0,grid_search_MLP,0.8796667450766181,0.5685373273036614,0.6536326530612244,0.5917441448186451,0.5650000000000001,0.44329591836734694,175.8
0,decision_tree,0.7539321238203645,0.47344638721906984,0.48081632653061224,0.4588812892446169,0.56,0.2560918367346939,101.6
0,naive_bayes,0.7596915478808526,0.39657670149628943,0.5163265306122449,0.4467747282841622,0.915,0.21966326530612248,87.2
0,logistic_regression,0.8767927551309841,0.5581640263132372,0.6415510204081633,0.5914537887072931,0.6399999999999999,0.44462244897959186,176.4
0,xtree,0.8172777864607589,0.47451499118165785,0.6096326530612245,0.5293392941095547,0.38500000000000006,0.3505612244897959,139.0
