,model,auroc,precision,recall,f1_score,best_threshold,best_profit
0,xgboost,0.8813773912724298,0.5484567631612208,0.6551882177602224,0.5876148532108966,0.2666666666666667,175.08333333333334
0,adaboost,0.8627119354679502,0.5788031377881212,0.43006409553068536,0.4913625104612042,0.5,124.0
0,gradientboost,0.8156813825093995,0.48312478174479523,0.5616119431643625,0.5108283969530946,0.21458333333333332,126.33333333333333
0,ensemble,0.8580042340381028,0.5917089096523916,0.5822829803964598,0.580418711621261,0.42500000000000004,167.16666666666666
0,grid_search_MLP,0.8385920705851021,0.5670388943060736,0.5273384353741497,0.5207403610393824,0.275,131.8
0,decision_tree,0.7945372242303514,0.43615455536049563,0.6147108843537415,0.5048092769345153,0.20500000000000002,119.8
0,naive_bayes,0.770037471547685,0.46517365424430646,0.46934523809523804,0.46078537006996434,0.9100000000000001,99.2
0,logistic_regression,0.9027272782395925,0.5674520320630987,0.7446428571428572,0.6315373512993167,0.2625,197.5
0,xtree,0.8187120607171439,0.4888854668650664,0.5914965986394558,0.5199632377518604,0.275,130.2
