,model,auroc,precision,recall,f1_score,best_threshold,best_profit_ratio,best_profit
0,logistic_regression,0.8760074020312374,0.5727569544207914,0.6608979591836734,0.5980602552670196,0.6700000000000002,0.4613979591836735,183.2
