,model,auroc,precision,recall,f1_score,best_threshold,best_profit
0,xgboost,0.8232576252613072,0.47462312058519923,0.6414306239737274,0.5197696580574731,0.16562500000000002,24.416666666666668
0,adaboost,0.6780386159834612,0.49734281921781925,0.3321793468345192,0.34171579012004544,0.50625,16.791666666666668
0,gradientboost,0.7284176566824149,0.4845423603045555,0.3538154533844189,0.3552258403742914,0.2760416666666667,16.291666666666668
0,ensemble,0.8246774226686598,0.6407633667502088,0.5303685458857873,0.550757641110902,0.3822916666666667,25.416666666666668
0,grid_search_MLP,0.6916317684848131,0.2284126984126984,0.17805555555555555,0.18556273791567907,0.16875,7.0
0,decision_tree,0.6937241029998832,0.46624999999999994,0.3168650793650794,0.3436031746031746,0.3825,8.8
0,naive_bayes,0.7898015620296449,0.4959296259296259,0.5331349206349205,0.49079796760574795,0.78,14.5
0,logistic_regression,0.8507468397971764,0.609077380952381,0.6187301587301588,0.586208988380041,0.34125,20.75
