,model,auroc,precision,recall,f1_score,best_threshold,best_profit
0,xgboost,0.8286272071536184,0.4906537906537906,0.6576149425287356,0.552240846837959,0.2041666666666667,53.166666666666664
0,adaboost,0.7461397058604434,0.4131944444444444,0.5041666666666667,0.44410502146351205,0.5000000000000001,40.166666666666664
0,gradientboost,0.761351106462488,0.5453703703703704,0.39243295019157093,0.38679653679653675,0.2625,32.666666666666664
0,ensemble,0.8344123627711308,0.6746392496392497,0.6042624521072797,0.5993275794742957,0.3333333333333333,44.5
0,grid_search_MLP,0.7561954621710718,0.0,0.0,0.0,0.025,0.0
0,decision_tree,0.72285705486925,0.4023809523809524,0.535,0.4288594164456233,0.18500000000000003,9.2
0,naive_bayes,0.772135653867361,0.47757575757575754,0.5183333333333333,0.4877306903622693,0.7200000000000001,15.4
0,logistic_regression,0.8171655932143735,0.6622222222222222,0.6699999999999999,0.6119668737060042,0.4050000000000001,21.8
