,model,auroc,precision,recall,f1_score
0,grid_search_MLP,0.8598331762969851,0.7599608189871881,0.31682983682983684,0.4324060476600523
0,decision_tree,0.8368885960206068,0.672364240410752,0.40531468531468534,0.5015973784620148
0,naive_bayes,0.7859164191326719,0.3387401596428766,0.6827505827505826,0.452668967873337
0,logistic_regression,0.9192719876717916,0.7896270396270396,0.5089510489510489,0.6157149521291956
0,xgboost,0.9201560722244932,0.800708981196786,0.4481118881118881,0.5736859909639302
0,ensemble,0.877846356238216,0.758849686876685,0.4907692307692308,0.593842338789775
