,model,auroc,precision,recall,f1_score,best_threshold,best_profit
0,xgboost,0.824163203952891,0.4939751650465936,0.5900953293194672,0.5039721981524644,0.23194444444444448,49.111111111111114
0,adaboost,0.7282000339688005,0.47399978466838927,0.38201286261631084,0.384969199149202,0.5083333333333333,36.27777777777778
0,gradientboost,0.7502279021098837,0.5173840786159627,0.41698139025725234,0.4222259093727366,0.2569444444444444,32.22222222222222
0,ensemble,0.831823599613229,0.6489666160397868,0.6355728881590951,0.5749133507620325,0.3569444444444445,43.05555555555556
0,grid_search_MLP,0.6559573613464438,0.17313131313131314,0.17619047619047618,0.1679275729430528,0.20000000000000004,4.6
0,decision_tree,0.7396707340348455,0.40213352007469655,0.481984126984127,0.38400822751735536,0.23,9.466666666666667
0,naive_bayes,0.7569812257892009,0.5087012987012988,0.5629365079365078,0.5102235386445912,0.7316666666666667,15.8
0,logistic_regression,0.8214317177511139,0.5997306397306397,0.6491269841269841,0.5881250396851421,0.36666666666666675,19.466666666666665
