,model,auroc,precision,recall,f1_score,best_threshold,best_profit
0,xgboost,0.8871940042042193,0.5522368046236613,0.6729756418696512,0.6012961758546843,0.25416666666666665,186.83333333333334
0,adaboost,0.8659093663016288,0.6127441077441077,0.4687591434423231,0.5298878567342135,0.5,143.83333333333334
0,gradientboost,0.8170973109548476,0.4730383929328819,0.5632749067368882,0.5120402517315075,0.20833333333333334,131.16666666666666
0,ensemble,0.8637723555680153,0.5812188993040057,0.6182224233779534,0.593784823862979,0.3708333333333334,179.16666666666666
0,grid_search_MLP,0.8378444458140398,0.6149496061763464,0.4779761904761905,0.4972316756857215,0.11500000000000003,120.4
0,decision_tree,0.8017186665188053,0.43733674736153105,0.6065476190476191,0.5015649150306254,0.23500000000000001,117.8
0,naive_bayes,0.7700426616388313,0.4574082125603865,0.5066326530612245,0.4735382924026078,0.8700000000000001,102.2
0,logistic_regression,0.903102441182517,0.6135500158755973,0.6967687074829932,0.6386327999053932,0.32,197.4
0,xtree,0.8391170582243885,0.5239052447685671,0.6556122448979591,0.5655055079396067,0.25,152.6
