,model,auroc,precision,recall,f1_score,best_threshold,best_profit
0,xgboost,0.8822773900272781,0.5405124190562796,0.6767061663375027,0.5921603899867732,0.25,176.5
0,adaboost,0.8625609914799798,0.5976454690830963,0.42862171750420597,0.4966981582444406,0.5,125.5
0,gradientboost,0.8114718846619138,0.47671860415194445,0.54516098554117,0.49871175973008364,0.2138888888888889,120.83333333333333
0,ensemble,0.854150548521564,0.6046954537664068,0.5681536951698241,0.5767343549710522,0.42500000000000004,164.27777777777777
0,grid_search_MLP,0.8451505796915836,0.5565440150324501,0.5576247165532879,0.5345726572874339,0.26,139.73333333333332
0,decision_tree,0.7616761957759295,0.4511884290607522,0.5412131519274376,0.4777382528203575,0.20833333333333337,107.33333333333333
0,naive_bayes,0.7699943106821484,0.4660129599173087,0.46502267573696143,0.4601277258152506,0.9183333333333333,99.2
0,logistic_regression,0.9026508600234967,0.5529928751006664,0.7496031746031746,0.6273508416405161,0.24499999999999997,195.66666666666666
0,xtree,0.8181581360795234,0.484131075610229,0.5906179138321995,0.518879941659019,0.28,129.53333333333333
