,model,auroc,precision,recall,f1_score,best_threshold,best_profit
0,xgboost,0.8782914800272051,0.5250031740713345,0.5880665966362376,0.5403534723258882,0.23958333333333334,0.3777831583543114
0,adaboost,0.8478620017408884,0.5578727556533212,0.35795244542111865,0.42950730217961314,0.5,0.24316671270777643
0,gradientboost,0.8014017589034074,0.5130583698280088,0.38535557354742345,0.40251493445561776,0.2010416666666667,0.21742568429675538
0,ensemble,0.8643276273627315,0.5486140280806957,0.5347112634055389,0.5169404340426978,0.39375000000000004,0.33985781365003503
0,grid_search_MLP,0.8068805967595193,0.42034216346164444,0.40763244071362853,0.4011594521304028,0.21625,0.22442451109170705
0,decision_tree,0.7686076214139597,0.474304068096827,0.33703141971685724,0.35215631746355874,0.40375000000000005,0.16256866953711713
0,naive_bayes,0.7755441077148009,0.4200889920536846,0.43971184962512533,0.4193345153694555,0.7837500000000002,0.19591877119512818
0,logistic_regression,0.8942732467297363,0.5470602609669093,0.6455708184617966,0.582682455668792,0.30000000000000004,0.4372415294638096
