,model,auroc,precision,recall,f1_score,best_threshold,best_profit
0,xgboost,0.8779300181483536,0.533183388714826,0.5799931469752966,0.5407659813054279,0.24333333333333332,0.3779803355874018
0,adaboost,0.8466596802540376,0.5565060473620788,0.35827154143038803,0.43003000972361677,0.5,0.24262389764108766
0,gradientboost,0.807541603582067,0.5180791769715615,0.39355192126057353,0.4119837113542905,0.19916666666666671,0.22624069357160217
0,ensemble,0.8626524827475843,0.5461302334535675,0.5427186292200266,0.5188202689427576,0.38750000000000007,0.34079602635638384
0,grid_search_MLP,0.8025438040982324,0.43221684647713715,0.3985125936947853,0.3965939025319534,0.21500000000000002,0.21854031129993015
0,decision_tree,0.7634119388333545,0.4511003733149082,0.34607571048612956,0.3450079014781825,0.41100000000000003,0.15822936091705006
0,naive_bayes,0.7762519434393345,0.41902218900773613,0.43883231494914243,0.41897365396017383,0.7850000000000001,0.19400589818215613
0,logistic_regression,0.8930324237170004,0.5320315622039171,0.6655851349737796,0.5815695627310061,0.281,0.435814040940141
