,model,auroc,precision,recall,f1_score,best_threshold,best_profit_ratio,best_profit
0,xgboost,0.8788016163631185,0.5503453349623629,0.6708703642747421,0.5918779757508382,0.26145833333333335,0.445105915350011,173.79166666666666
0,adaboost,0.8583296494226648,0.5877179282665742,0.45043111330553726,0.5049559128875466,0.5,0.33017634557183084,129.125
0,gradientboost,0.8180954468777534,0.4661019165508697,0.5555566984858459,0.49594082391772565,0.21145833333333333,0.30417982465163484,118.70833333333333
0,ensemble,0.8579738488310857,0.6294491626801029,0.584317396313364,0.5980045591072978,0.4489583333333334,0.44883172523041476,175.125
0,grid_search_MLP,0.7978011800530652,0.5077668229465264,0.4869260204081633,0.46790114695710655,0.27,0.2816645408163265,108.55
0,decision_tree,0.7714089138402616,0.44333543641809425,0.6245535714285714,0.5142389771033891,0.24625,0.32317442602040825,124.7
0,naive_bayes,0.7735028940319261,0.4647684353252238,0.5001275510204082,0.47269991822986146,0.9025000000000001,0.27546237244897964,106.25
0,logistic_regression,0.9033247936021935,0.5976839463561852,0.7202380952380951,0.6368074485504894,0.29375,0.5165311437074829,199.15
0,xtree,0.8367260906766554,0.5027518251799317,0.6097789115646258,0.5429881780816557,0.31125,0.3737058886054422,144.15
