,model,auroc,precision,recall,f1_score,best_threshold,best_profit_ratio,best_profit
0,xgboost,0.8753838213811128,0.569606545871174,0.6500598895472166,0.5943348039328151,0.27708333333333335,0.4469366039426523,176.66666666666666
0,adaboost,0.8569548029215023,0.5851278732408662,0.44929618352717426,0.5021781709159384,0.5,0.32958809363799285,130.75
0,gradientboost,0.8252890655047468,0.4771654507816536,0.6006967303050251,0.5233616558272668,0.20625000000000004,0.34264164335088876,135.0
0,ensemble,0.8574635402056906,0.6340653777678241,0.5754516860507645,0.5929689715838332,0.44999999999999996,0.4413851057896278,174.33333333333334
0,grid_search_MLP,0.7945598749458574,0.4977641160760749,0.4878401360544218,0.4735970080462734,0.27,0.27742878401360543,107.0
0,decision_tree,0.77082230557058,0.4232210069186631,0.6372023809523809,0.5031699285136362,0.25,0.3022852891156463,116.6
0,naive_bayes,0.7724471012649565,0.4744636727214636,0.4859268707482993,0.47064822893143166,0.9125,0.27481398809523805,105.9
0,logistic_regression,0.9035311420241172,0.5900596548983527,0.7312074829931973,0.632422920684012,0.29000000000000004,0.5150403911564626,198.5
0,xtree,0.8315523960270921,0.4838661039329182,0.6494047619047619,0.5493698040842805,0.2925,0.38253613945578235,147.5
