,model,auroc,precision,recall,f1_score,best_threshold,best_profit
0,xgboost,0.8748833074778222,0.5295725722911885,0.5711368799070371,0.5360294690225996,0.2513888888888889,0.3748492408571333
0,adaboost,0.8456822408233804,0.559669120827522,0.3603648134831075,0.4339858447538484,0.5,0.24541800687262405
0,gradientboost,0.7955020071894016,0.5296072629594285,0.37951831594948987,0.4058230884193995,0.2013888888888889,0.2204391852578641
0,ensemble,0.8655590711080202,0.5499769716188029,0.5276686631708597,0.5135282208732279,0.398611111111111,0.33692694547556334
0,grid_search_MLP,0.8212281929709984,0.43864630699260687,0.42726464341590464,0.4173410810384532,0.22000000000000006,0.23648614675846985
0,decision_tree,0.7634759417820355,0.47106856345890846,0.3473187882141216,0.3472158389317602,0.4133333333333334,0.15462504764593069
0,naive_bayes,0.7784489383280601,0.4199416678945912,0.4289294446921433,0.41713010299518044,0.7966666666666665,0.19824963144229507
0,logistic_regression,0.8946725775784151,0.5491504593751366,0.6399659122123216,0.5809287354181901,0.3100000000000001,0.43763330496871544
