,model,auroc,precision,recall,f1_score,best_threshold,best_profit
0,grid_search_MLP,0.8598331762969851,0.5696177598870464,0.6492307692307693,0.5977981990536329,0.23500000000000001,237.0
0,decision_tree,0.8368885960206068,0.5268472217665907,0.5915151515151515,0.5475826444301642,0.275,196.4
0,naive_bayes,0.7859164191326719,0.5337660553115595,0.5088111888111888,0.5137639283393669,0.8900000000000002,173.6
0,logistic_regression,0.9182978420511064,0.6314326923076923,0.7254079254079254,0.6741432287039033,0.255,297.4
0,xgboost,0.9201560722244932,0.5528126129439463,0.8016783216783218,0.651502679299174,0.19,291.2
0,ensemble,0.8781928244131928,0.642446435421119,0.6645687645687646,0.6365326078485157,0.37,265.4
