,model,auroc,precision,recall,f1_score,best_threshold,best_profit
0,xgboost,0.8303438604554367,0.41434144818976276,0.5249817551541689,0.42479658530078696,0.22499999999999998,46.333333333333336
0,adaboost,0.6552861592648977,0.44149831649831656,0.3120507206714103,0.3369689805860019,0.4916666666666667,36.666666666666664
0,gradientboost,0.7278911186142419,0.5717673248161053,0.43285440613026815,0.45665349143610007,0.2875,34.5
0,ensemble,0.8409367455738179,0.6285296574770258,0.5844371465061121,0.5760524499654935,0.37916666666666665,49.166666666666664
0,grid_search_MLP,0.70120867826131,0.0,0.0,0.0,0.025,0.0
0,decision_tree,0.6761036176299334,0.375,0.4152380952380952,0.36044444444444446,0.47000000000000003,9.6
0,naive_bayes,0.8224771271613376,0.5005194805194805,0.6080952380952381,0.5149999999999999,0.82,16.0
0,logistic_regression,0.8333750537961064,0.6777777777777778,0.656031746031746,0.612063492063492,0.345,22.2
