,model,auroc,precision,recall,f1_score,best_threshold,best_profit
0,xgboost,0.8236866708419837,0.4780318298014927,0.6095466155810985,0.5018653149723472,0.18333333333333332,22.8
0,adaboost,0.6758006923904281,0.49555944055944057,0.31854771027184814,0.3353832141066185,0.5108333333333334,15.266666666666667
0,gradientboost,0.7303508514382676,0.4857820363917925,0.3472851669403393,0.3585192966380575,0.27166666666666667,15.6
0,ensemble,0.8318172118170881,0.601036619326093,0.5273636197774129,0.5348578306698512,0.3708333333333333,23.966666666666665
0,grid_search_MLP,0.6481149648743016,0.18273015873015871,0.14244444444444443,0.14845019033254325,0.14,5.6
0,decision_tree,0.6939634689450688,0.442,0.31685714285714284,0.3402301332654274,0.40700000000000003,9.48
0,naive_bayes,0.7887253596154301,0.4998865578865579,0.5267619047619049,0.48631953350488827,0.794,14.36
0,logistic_regression,0.8491072407234067,0.5960714285714286,0.6111111111111112,0.5775386192754614,0.34900000000000003,20.8
