,model,auroc,precision,recall,f1_score,best_threshold,best_profit_ratio,best_profit
0,xgboost,0.8779440488695455,0.5697275201135811,0.6615714834320825,0.5986905843183867,0.2750000000000001,0.45350502432155654,177.77777777777777
0,adaboost,0.8568475774741303,0.5940041383203633,0.45639492356082223,0.5103629572656545,0.5,0.3380230620473996,132.77777777777777
0,gradientboost,0.8196444895410062,0.47057193315620593,0.5792485004754591,0.5076687802285264,0.20555555555555557,0.31978618060127273,125.22222222222223
0,ensemble,0.8594018788179205,0.6263438096454407,0.5945188111086729,0.6013893302511232,0.4375,0.45406753651281306,177.88888888888889
0,grid_search_MLP,0.7910878087498735,0.5156542827865428,0.45294784580498865,0.4481260144022587,0.2516666666666667,0.26060090702947847,100.4
0,decision_tree,0.7788062059759803,0.4389101493505306,0.6458900226757369,0.5187073646563551,0.23166666666666663,0.3286493764172336,126.86666666666666
0,naive_bayes,0.7731423126714055,0.46781165372645217,0.4967120181405897,0.4735227783095749,0.9016666666666667,0.27497519841269835,106.06666666666666
0,logistic_regression,0.9029496683059669,0.5903472015468563,0.7280612244897959,0.6354022967729213,0.2833333333333333,0.5164753401360545,199.13333333333333
0,xtree,0.8398714070106065,0.49652624309705184,0.6278061224489797,0.5489018823598524,0.30166666666666664,0.38146258503401353,147.13333333333333
