,model,auroc,precision,recall,f1_score,best_threshold,best_profit
0,xgboost,0.8784453551006678,0.5402943629067699,0.5781892034783526,0.5424468227864497,0.2520833333333334,0.3844846979430295
0,adaboost,0.8527037882413584,0.5543115342070306,0.3679421238849512,0.4382442793962848,0.5,0.24799769152093995
0,gradientboost,0.7955857198063941,0.5345326704506257,0.36558003507983067,0.4122327128784768,0.20625000000000002,0.22548622082179692
0,ensemble,0.8633721059962132,0.5850609335386611,0.49616222117644554,0.514071508842855,0.4270833333333333,0.3433686799593805
0,grid_search_MLP,0.8160990459076498,0.47606702146452007,0.4135398994391172,0.42753176807782634,0.23500000000000004,0.23475086975294518
0,decision_tree,0.7584372177823335,0.47546563601517156,0.2912560580956625,0.32234682680995824,0.4600000000000001,0.1479841343340869
0,naive_bayes,0.7747079620027918,0.4199063968357818,0.42869082602439007,0.41438631252777275,0.795,0.19499129272768317
0,logistic_regression,0.8926157106719085,0.5662347170986011,0.6336423808755349,0.5855027997179846,0.3275,0.44375054086266025
