,model,auroc,precision,recall,f1_score,best_threshold,best_profit
0,xgboost,0.8311568841670232,0.44696151071151075,0.5905069786535304,0.49314365783351827,0.24583333333333335,49.666666666666664
0,adaboost,0.7366475403013081,0.5588194444444444,0.39945607553366175,0.4208179428305215,0.5104166666666667,37.0
0,gradientboost,0.7548278340366052,0.5061737980216241,0.3850506294471812,0.3965041301655475,0.27499999999999997,33.75
0,ensemble,0.8439328200811748,0.6508489139586701,0.6445470717022441,0.5996397397130979,0.3354166666666667,44.916666666666664
0,grid_search_MLP,0.7339360420196657,0.2596969696969697,0.2642857142857143,0.2518913594145792,0.125,6.9
0,decision_tree,0.7586335726797399,0.3532002801120448,0.5496428571428572,0.4098218650855568,0.17250000000000001,10.6
0,naive_bayes,0.7670355235808196,0.5025974025974026,0.5377380952380951,0.5003353079668869,0.7350000000000001,15.7
0,logistic_regression,0.8410085154876097,0.6432323232323232,0.6903571428571429,0.6265573074268727,0.3825,22.5
