,best_threshold,best_profit,0_precision,0_recall,0_f1-score,0_support,1_precision,1_recall,1_f1-score,1_support,micro avg_precision,micro avg_recall,micro avg_f1-score,micro avg_support,macro avg_precision,macro avg_recall,macro avg_f1-score,macro avg_support,weighted avg_precision,weighted avg_recall,weighted avg_f1-score,weighted avg_support,recall,precision,f1_score,model_type,params,auroc
0,0.325,0.24056603773584906,0.9253731343283582,0.8211920529801324,0.8701754385964913,302,0.3793103448275862,0.6226415094339622,0.47142857142857136,53,0.7915492957746478,0.7915492957746478,0.7915492957746478,355,0.6523417395779723,0.7219167812070473,0.6708020050125313,355,0.8438482671634542,0.7915492957746478,0.8106442161742383,355,0.6226415094339622,0.3793103448275862,0.47142857142857136,grid_search_MLP,"{'mlpc__hidden_layer_sizes': (5, 5), 'mlpc__learning_rate_init': 0.001}",0.7719605148069475
